"ScanID","PFT","PFT_2","PFT_3","Freq1","Freq2","area","Boochs","Boochs2","CARI","Carter","Carter2","Carter3","Carter4","Carter5","Carter6","CI","CI2","ClAInt","CRI1","CRI2","CRI3","CRI4","D1","D2","Datt","Datt2","Datt3","Datt4","Datt5","Datt6","DD","DDn","DPI","DWSI4","EGFN","EGFR","EVI","GDVI_2","GDVI_3","GDVI_4","GI","Gitelson","Gitelson2","GMI1","GMI2","GreenNDVI","Maccioni","MCARI","MCARIOSAVI","MCARI2","MCARI2OSAVI2","mND705","mNDVI","MPRI","MSAVI","mSR","mSR2","mSR705","MTCI","MTVI","NDVI","NDVI2","NDVI3","NPCI","OSAVI","OSAVI2","PARS","PRI","PRICI2","PRI_norm","PSND","PSRI","PSSR","RDVI","REP_LE","REP_Li","SAVI","SIPI","SPVI","SR","SR1","SR2","SR3","SR4","SR5","SR6","SR7","SR8","SRPI","Sum_Dr1","Sum_Dr2","TCARI","TCARIOSAVI","TCARI2","TCARI2OSAVI2","TGI","TVI","Vogelmann","Vogelmann2","Vogelmann3","Vogelmann4"
"dryala-tm16_00096","dryala","Dryas alleghenies","Dwarf_Shrub_Broad",119,272,"12_Mile_dried_dryas",0.0226974704866901,0.0232134515177655,0.876322823018175,2.02740554653659,0.217722453892463,0.150014861334912,0.475371166020896,2.51191264933559,0.159008787843222,1.20520577618881,2.38148544033183,12.9159104684528,3.11768409399312,4.54937451793095,4.98189597853955,5.98919603372554,0.717471304308984,1.04071101358705,0.605412733774734,2.22350469358256,0.13364711970634,1.24643652286069,0.380049186846474,15.2296780912653,0.0589813385354961,-0.85776579488792,0.652574593353166,2.37200689769344,0.619270907044483,4.25307899239965,1.93152299592228,0.982576894278173,0.998353674706258,0.99984555014002,2.51192263643827,4.8572701647434,-5.67876230424043,4.27927271872904,3.30509046930466,0.636174364090387,0.587948510229663,0.464568866589076,0.572176915590353,0.79011365737918,1.82201297689082,0.509319098376186,1.0006351270407,-0.465907848484734,0.806497039644897,-3149.97630214351,2.02179106774036,3.07596870671221,1.49082996791585,1.09675190254278,0.828579913264426,0.436993944007697,-0.376570598049931,-0.0416724162910522,0.811932208257213,0.433648754098048,6.66778337029307,0.0316500749512003,0.0753741926816946,-0.0124761318133838,0.829275507015637,-0.0140256431050919,8.27972700865175,0.743534282702846,708.754478548006,716.351678787715,0.770029180714851,0.999682638044812,0.870789424595209,10.6672441257431,3.30509046930466,6.28842579218907,4.27927271872904,3.41188033402516,0.297688627274785,2.05609413487236,0.611972222543504,0.668565763971564,1.08696904273541,0.683462881590204,0.640680565659232,0.340662117225083,0.419569655890735,0.443015014753865,1.02159872608258,8.93281434109422,41.1527494908484,1.38978921999465,-0.0718447985463071,1.04838322839573,-0.0777450162351827
"dryoct-tm31_00184","dryoct","Dryas octopetala","Dwarf_Shrub_Broad",124,272,"12_Mile_dried_dryas",0.0236876835139231,0.0203226453366745,0.949868198748189,2.32011320741778,0.25230420231945,0.181610946477511,0.530242648864513,2.46663448111041,0.171277015821349,1.22178171431281,1.94088663543713,13.921153108383,3.74284366566726,5.20396503902629,5.61229422376387,6.60557342748748,0.585865358885665,1.23369614119162,0.55930002402908,2.00297403082843,0.125805937713838,1.20874854851552,0.399718490232471,12.6609879675921,0.00577097459088871,-0.779988553232871,0.603494009387394,2.29269278607677,0.623144262099244,4.30707058128088,2.06805839205043,0.977074284177856,0.997505761853556,0.999731111989111,2.44251530239184,4.37737362379255,-5.06236118007888,3.83299400666889,2.87376230914525,0.603996342661926,0.539139743542946,0.492973157591549,0.627215521687435,0.600997919703063,1.57605399779823,0.449026577487593,0.980323263431001,-0.475981093437083,0.775444787881011,100.642871163453,1.69281699590395,2.629939155468,1.20200374186649,1.0600321910644,0.805569590659892,0.384181944674432,-0.365249084687229,0.0223444019190181,0.785970915173263,0.381330792309569,6.55426846333135,-0.0207134904069956,-0.0402025367041931,0.00870485988776894,0.817967051374134,-0.00594395480258493,6.7805296814656,0.715796337633914,704.037138948585,714.957517857731,0.742627466750871,1.01003584088178,0.834304563973306,9.28645676768336,2.87376230914525,5.41044502587456,3.83299400666889,3.32431393714697,0.301512199914322,1.84288359666075,0.553123629636856,0.609361092704961,0.956287916523872,0.660937448576187,0.61116213332397,0.365150332964469,0.464585044961839,0.438891974828535,1.15094816280201,9.65086785492104,39.3692881191302,1.31546721487118,-0.0549144476611867,0.934518171738401,-0.0586374042424555
"dryala-tm2_00008","dryala","Dryas alleghenies","Dwarf_Shrub_Broad",119,272,"12_Mile_dried_dryas",0.0195381435739796,0.021116822576462,0.634545049261066,1.58034339511163,0.198251750597253,0.143723648823908,0.459018200042499,2.23473393916197,0.131155248806513,1.18993750193454,2.66516622144318,10.671935918288,4.04406556143477,5.42096584431041,7.16573710670548,7.97890190761779,0.715024315223506,1.00573071995733,0.610717914121096,2.2390654761235,0.106454315559244,1.61725977425974,0.397732028426014,18.7191844904858,0.0682953781981298,-0.743281420343806,0.628148648007423,2.31712528922156,0.682811528915565,5.30539941493524,1.65977072858512,0.98205631604649,0.998278728026764,0.999836097474291,2.41293066945222,6.24765160581965,-6.0850416922123,4.3908661010669,3.59792969445761,0.638714436849709,0.602834450164664,0.314424754502252,0.402920251495688,0.747025434687269,1.67735052832536,0.55165541842624,1.02862440796834,-0.485334134014514,0.758600867274146,-70.8704407166039,2.19808840828276,3.46085462431526,1.62440834860366,0.905116031585753,0.826237861430981,0.461901006829641,-0.373880229931838,-0.109244959505113,0.780364733058391,0.445360359729393,6.96705379438705,0.0221957406214899,0.0591553381643093,-0.0106931694284474,0.811823842340869,-0.0162092639693477,8.51235393858776,0.674913436751054,710.284365703445,716.79370004455,0.70995497840728,0.986086073912596,0.728969111514102,10.5099872530953,3.59792969445761,6.87397442264455,4.3908661010669,3.07549565936959,0.330175574746957,2.1385976817089,0.761206872788296,0.653423760036825,1.24528619999595,0.563129025179799,0.535621569346656,0.27071123245327,0.346903468320902,0.366794934061552,0.823591336876999,6.9286771087367,34.5949491490934,1.40750708052993,-0.0687396030040626,1.08808247526205,-0.0748550958058061
"dryala-tm18_00108","dryala","Dryas alleghenies","Dwarf_Shrub_Broad",119,272,"12_Mile_dried_dryas",0.0279053221805976,0.0263136442012553,1.09688326043386,2.02361262203737,0.265284748479107,0.203308179062268,0.523212383265024,2.14925762817837,0.246395029509573,1.17720257034409,1.89342694310693,18.5880727303955,1.73677159341036,2.41639372785259,2.28816667614529,2.87545466255928,0.652496375680742,1.12455133158614,0.574806106066059,2.00774209685223,0.114679929122174,1.02613159120508,0.427930342588406,8.77887836828525,0.0325476697392472,-1.04254680435463,0.648761621696993,2.16039738814078,0.579994441383462,3.7618417398756,5.33984718344511,0.966714642649775,0.995606176085008,0.999427297126283,2.26522814357669,3.37890129433964,-4.81744348621065,3.4084004230424,2.83764497190604,0.561214587905752,0.557232802059301,0.504974817994607,0.645023431330805,0.793322495215034,1.99874624010044,0.474729780072915,0.99302506228619,-0.390697373953486,0.782306534476643,285.740911827823,1.71124070207995,2.80756403871065,1.31825041780196,1.3297094623638,0.769764909391689,0.387384668251844,-0.341676323656119,0.00578753693141376,0.782878254442244,0.396910062567606,5.0255263617426,0.0188406012734887,0.0356733020755582,-0.00865016023492081,0.765802252232161,-0.0221770234583906,5.92756570757867,0.777869840290946,706.596333336247,715.22115154947,0.78015063439551,1.00351196459118,1.00085533639895,7.68677313573591,2.83764497190604,4.92364038950688,3.4084004230424,2.8000363731973,0.358983776977483,1.87442264742796,0.635270201814526,0.700313515229224,0.988491531821778,0.818050793436367,0.754636003683245,0.48751244325077,0.622718079707164,0.600607157251018,1.51320718191345,12.6084146919432,49.6749213077698,1.33198432915079,-0.059749432689512,0.996575519644222,-0.0639538210635797
"dryala-tm8_00045","dryala","Dryas alleghenies","Dwarf_Shrub_Broad",119,272,"12_Mile_dried_dryas",0.0215737542873902,0.0246240625484627,0.732690472348136,1.90070890353878,0.187884027518791,0.130030216701269,0.430253492607277,2.35519834696195,0.137039322815522,1.18467032983314,2.88643879346593,11.9138990769731,3.59318808111144,5.33333102028002,5.71153321855703,6.9465186083357,0.816687734675534,0.939912383826055,0.657970970130941,2.52812803357748,0.176650065272482,1.48672878815819,0.408727960492653,20.3153840110726,0.105610472725161,-0.913425438280941,0.66938876811631,2.21461866626359,0.687182938398111,5.3935131599226,1.80374973255833,0.985669870040974,0.998774598391583,0.999895841781452,2.32988146690549,5.55703264120241,-6.49821355995503,4.95733041398712,3.77516569532117,0.683309845943957,0.634810695396353,0.372786132073009,0.451126631362126,0.955050593873729,2.00522185276577,0.556800856045127,0.998445189779381,-0.478293040066097,0.823742654031469,1285.33062317004,2.35411710496177,3.5126440952775,1.79137119609708,1.09531312091409,0.843400210400649,0.482255850815902,-0.351067526319376,-0.0400520744324931,0.826344769200219,0.47628176032315,7.65055009988337,0.026322814812894,0.0759791938291567,-0.0107446600670489,0.845544563449463,-0.00941208939873935,9.58084146016281,0.759545603449258,712.004350453113,718.154421844757,0.785644133688201,1.00077861570997,0.916287459403353,11.7714092408224,3.77516569532117,7.19483099429996,4.95733041398712,3.22541643168525,0.316666027587931,2.25766645942836,0.639008350419592,0.67005802626959,1.08344634821481,0.693257484850013,0.654689886899118,0.289433671673799,0.350257764630044,0.394617107028973,0.828537096951249,7.3672505681697,40.6633337187335,1.45551387224111,-0.0867168544332751,1.11698265728177,-0.094917283659086
"dryoct-tm35_00210","dryoct","Dryas octopetala","Dwarf_Shrub_Broad",124,272,"12_Mile_dried_dryas",0.0244743507209502,0.0234242326312724,0.873153434247652,1.84138507529854,0.23100114646778,0.164251958881342,0.493042252093469,2.22417766940637,0.16779878744703,1.20276393536932,2.22072427131685,14.4166407104778,3.20298333602185,4.77390861206994,4.73257269126655,5.90029919757702,0.668782081538135,1.11144001816918,0.60047203458722,2.16300828822704,0.148539613953279,1.3573866211683,0.45374757150478,14.0300072523298,0.0518565426431289,-0.904236840807923,0.615327563779563,2.0502786578824,0.682931325061503,5.30778174598278,2.48425214629639,0.976989735891195,0.997491807931065,0.999729102158385,2.15178418984048,4.38859335465521,-5.43562973587034,4.26133601453164,3.1380505833102,0.637742691895701,0.580537041208934,0.417426474470725,0.524613410225604,0.761331219088851,1.81820937050287,0.500008408822176,1.00177818747388,-0.459341768578089,0.790292362646984,-1125.74079891698,1.89855796481254,3.00006727170876,1.42422839015877,1.12549934945114,0.805242519135835,0.418247390829688,-0.321013460865349,-0.039916261823699,0.795683957623606,0.418725825221265,6.74044191572684,-0.0102325603755787,-0.0227236951837626,0.00458300484614375,0.806222014817546,-0.00781676981402151,7.32567662401035,0.746847969570049,707.014633330296,716.510871369451,0.766825636734097,0.999112484432124,0.928859558412996,9.26918191345322,3.1380505833102,5.79242964081479,4.26133601453164,2.98952228186211,0.336435934062468,1.97616068651688,0.66106574695141,0.650424813260187,1.08315162571032,0.711079251286289,0.66774272052828,0.347189491828139,0.436340947309101,0.464745295825623,1.10990358805798,8.35620445890078,41.9927036740688,1.36289264852925,-0.0665027769015578,0.998930250533884,-0.0715934025606228
"dryala-tm2_00007","dryala","Dryas alleghenies","Dwarf_Shrub_Broad",119,272,"12_Mile_dried_dryas",0.018102487737611,0.0193525606024718,0.615653912742889,1.59444806463229,0.209308383133315,0.151886159904802,0.469158341193233,2.24644971815574,0.126647898296901,1.18850750510088,2.50868363926083,10.2494137762729,3.93923120796922,5.42990698908966,7.48102796642466,8.30304455608857,0.707901367193908,1.01420997228574,0.603620759717584,2.19333352367998,0.1050078934647,1.71378811907096,0.403696056818894,18.9217077912769,0.0559735551563541,-0.688486530046199,0.638446598146988,2.27752475523962,0.668919961816104,5.040835355012,1.58710867104661,0.980161294662498,0.997996387013097,0.999799270166287,2.37978062223824,6.40523100807634,-5.81783663264511,4.24766162791459,3.44574153384887,0.628710002510069,0.594792032394389,0.303409112577606,0.397429488089367,0.661768334947201,1.54290193109062,0.54090534416113,1.02942184468142,-0.482552627726029,0.731267003982249,-68.9767030808651,2.10806926173043,3.35640008996739,1.57011533869437,0.844456569780579,0.818027093822407,0.449450695002539,-0.36560974214543,-0.108711698270541,0.763428788427951,0.428911469751952,6.60031306404138,0.0197134022473844,0.0494546896921809,-0.00994874951544603,0.804044606835057,-0.0171431248043145,8.01222444800792,0.647779529094573,709.789743868931,716.452405421551,0.683878846384524,0.985709529658115,0.675137040827268,9.99064713539356,3.44574153384887,6.47247090804778,4.24766162791459,3.05890414271567,0.331644159785317,2.09324009046802,0.752527858607745,0.667157982533664,1.24394283658743,0.525298077012496,0.497134917081368,0.261155382822786,0.342082178169566,0.351148701423078,0.818697391389778,6.61137958600284,32.2394941651909,1.39458651551827,-0.067080589292608,1.08551916422522,-0.0728436823019449
"dryoct-tm23_00133","dryoct","Dryas octopetala","Dwarf_Shrub_Broad",124,272,"12_Mile_dried_dryas",0.0199872187710915,0.024571884524279,0.650898525658935,1.59560799544966,0.214181659791547,0.169390795521772,0.431901971579589,1.81168319623113,0.165700508205796,1.14255034150033,2.62185839633617,13.7618961713262,2.26470429249944,3.29822064683215,3.86255121170482,4.62242959389149,0.918936773554865,0.866541511252455,0.676227665990004,2.48472225493579,0.216825924119513,1.79256865563753,0.516688169437938,16.3432618735214,0.129559620484571,-1.00089553591557,0.696639943110205,1.83238212062696,0.714791384492657,6.0124108854226,3.16994907995256,0.971480278149219,0.996526204185117,0.999581548799712,1.88982548042324,5.00146815372942,-5.79699965562012,4.23293034913178,3.50802331138634,0.638819978478181,0.658351362598472,0.251015926521279,0.323973915059393,0.945747422465294,2.02657726353008,0.581279522036769,1.00346041356408,-0.430428879476242,0.767441052830025,-578.965599476277,2.25685867178609,3.7764561449885,1.97975234494196,1.08432159837887,0.785275469444689,0.469744186281802,-0.276274542317415,-0.0261428463558811,0.774802892619491,0.466672275212395,5.89531063622374,0.00651174818460527,0.0170728816526341,-0.00382985217555801,0.77787919097911,-0.0144895096155959,6.93970656994171,0.728026313476491,714.138732045341,718.933324766882,0.747204413659991,0.998275759802128,0.911398781921891,8.31425950648343,3.50802331138634,5.82277725825292,4.23293034913178,2.33543889972393,0.431235905285704,2.24256901536564,0.743584954804635,0.727133830325517,1.05368928339861,0.689213827768539,0.650930085671431,0.295007909982977,0.380752205229385,0.45414457158029,0.973155243417012,7.00730062712313,40.1507559478354,1.46668451786897,-0.0933026732380529,1.16690684974102,-0.102064417064534
"dryala-tm5_00029","dryala","Dryas alleghenies","Dwarf_Shrub_Broad",119,272,"12_Mile_dried_dryas",0.0229194145174451,0.0279704417007509,0.784354429098806,1.88727818567106,0.170797664674461,0.118908508821609,0.407674639288882,2.49420631755337,0.141328596326698,1.1986720931263,3.2014223567841,12.2522470142212,4.26284830420365,5.8282984780392,5.87372878845432,7.08278313156528,0.891595220738814,0.875475711491554,0.666851931978642,2.62645274755405,0.173384789314669,1.31124570830523,0.370719425479031,20.5385140162132,0.136864880128757,-1.01367352373041,0.673173098799068,2.42551106941196,0.709605618270491,5.8871855856458,1.77992132346408,0.989125181004069,0.999191845576433,0.999940222622429,2.56470263221832,5.51025867767234,-7.00032068121628,5.24756936136418,4.08658202548602,0.695860191831365,0.649123088275626,0.421395034299781,0.493816265887214,1.16031592915937,2.29201699266459,0.57697482020298,1.00296826325658,-0.491253098246475,0.855151263266963,-674.794682989498,2.56360633720436,3.72785095430881,1.92613502469849,1.19860916036559,0.86230128015817,0.507377499683489,-0.388971680506615,-0.061599387017216,0.853343770567546,0.506242289159666,8.71872062110569,0.0152418898030254,0.048795726775045,-0.0054627888184394,0.862375891267906,-0.00915206479840421,10.5778631071056,0.802731491841385,713.924321175365,718.353339393749,0.823531122762179,0.998520260627716,1.00585563344742,13.5244632796683,4.08658202548602,8.09656693789742,5.24756936136418,3.47579460313791,0.293936837878697,2.38588871360284,0.637646456136513,0.624039615829221,1.13128590532655,0.759107748651907,0.719992979875925,0.304067600287858,0.35632486083027,0.395660464417718,0.781563438871321,8.06534005365081,44.9297975441623,1.49955443128092,-0.0940744663460225,1.16364824688245,-0.103796644130905
"dryala-tm14_00083","dryala","Dryas alleghenies","Dwarf_Shrub_Broad",119,272,"12_Mile_dried_dryas",0.0257459276831837,0.0228213506240383,1.16781816862375,2.72293916422447,0.274610693840327,0.201674078074915,0.538089704402572,2.55330215928,0.212585533237366,1.19518879716959,1.78309063100474,16.815258557381,2.42620662414386,3.54979634074649,3.43187756276046,4.31525380605118,0.619181965239922,1.18760698269181,0.557961838722763,1.98212037202319,0.124083112044084,1.00123181885639,0.390950779671284,10.0242728408753,-0.00288779154011634,-0.904595890777763,0.684678577780551,2.29019114774092,0.567067985303152,3.61966297733944,2.64235489197229,0.973617190544017,0.996913640822463,0.99964267069155,2.47064758411211,3.58039923679163,-4.72353629945497,3.57888319087977,2.72403502052151,0.581290774674252,0.53452229925206,0.609221129225169,0.764112058582092,0.660275582258228,1.75296942637997,0.430194564256347,0.953823837746416,-0.429846561261931,0.794007067736156,42.3123911211299,1.62179972981551,2.50997002580328,1.18370429549836,1.23693064561796,0.792726791704641,0.37153630039519,-0.358336633093223,0.0870831796010023,0.79729291323534,0.376661208302846,5.64538946978717,-0.00655990816204795,-0.0116969107839992,0.0025703329213608,0.81648589855221,-0.0116537304004355,6.02841898368115,0.763925422047281,704.906033341276,714.281103571401,0.778153467806319,1.02420581265964,0.941625865458204,8.64910041412613,2.72403502052151,4.86381562085683,3.57888319087977,3.34085339209939,0.30009921668673,1.81899143783157,0.466122684774771,0.659727899780617,0.839785618552271,0.773131351729046,0.699534684980609,0.453365717121924,0.568631314283491,0.518725400208273,1.37716703704514,12.2262915319713,45.792455480627,1.31240260873248,-0.0574712451154238,0.958204919967471,-0.061255500286537
"dryoct-tm34_00203","dryoct","Dryas octopetala","Dwarf_Shrub_Broad",124,272,"12_Mile_dried_dryas",0.017762808740301,0.0176009926765801,0.67923535673934,1.92313426794545,0.298326312912061,0.216340017863659,0.531885553112091,1.76228791359377,0.156725938600867,1.12372269772813,1.7049536637703,14.1544833496955,2.10228806228875,3.98518891436414,4.58465522466999,5.73501100827104,0.690129413688066,1.07540013173373,0.621541436748578,2.08569499910038,0.161374155136504,2.17063411568114,0.650554283961087,14.3320990182025,0.0345233027406908,-0.772219293336041,0.684880862937125,1.44562846063156,0.676581614012127,5.18394032822548,4.05765050388565,0.942854003756833,0.98996163078498,0.998271196187465,1.49976556684984,4.4976639027269,-4.49232989402872,3.74110665740071,2.63710831499333,0.60265367963241,0.585087648879241,0.234560001820238,0.340849792413178,0.500814336481365,1.3864601841001,0.466354019321153,0.930426355815458,-0.42876274123584,0.661946966185181,27.7465177861757,1.61107956467716,2.74780298627156,1.42367130262684,0.849342120342479,0.707207970212239,0.369584936756192,-0.163527579738497,0.0837587082820682,0.688162372520693,0.361217972376483,5.05125905303349,-0.00472260940985952,-0.00805183021589608,0.0034933675935782,0.747179838561763,0.0143564030908019,5.20993272633887,0.619030815499066,707.722968231174,716.527618690955,0.6446728738546,1.03738804460433,0.736483266064779,5.83078703149726,2.63710831499333,4.0742957333388,3.74110665740071,2.18386341112774,0.462821857212063,1.83294715346222,0.6045195055337,0.752172045464102,0.845429231355678,0.548742607836389,0.509858242835203,0.275612777324815,0.400505445125202,0.389340434398004,1.07785454814582,5.73062738917487,31.2678128593633,1.32267458765618,-0.0608219997308537,1.028711599759,-0.0649123470357874
"dryoct-tm27_00160","dryoct","Dryas octopetala","Dwarf_Shrub_Broad",124,272,"12_Mile_dried_dryas",0.0226737323181611,0.0214504065057219,0.840640514665894,1.92534261302794,0.246676221967461,0.177585979346223,0.507984000023231,2.19124423864851,0.167853086670516,1.1874818740639,2.05913634166822,14.0477999944031,2.93656241641642,4.4226590598656,4.77054979577394,5.79916579084662,0.649321565857858,1.1270086930391,0.590212267637773,2.09557338332842,0.133920952215385,1.42322960148965,0.458482255027103,13.5183879652679,0.0362608337359122,-0.835962460086613,0.627072944533897,2.01800841997759,0.644865883261797,4.63167520588949,2.45673551213612,0.972644554638276,0.996739277887452,0.999615464543729,2.1200990820757,4.47149412735941,-5.15014284568542,3.98202096984296,2.98872213058336,0.615978150965791,0.569183642157333,0.39336266905327,0.508321713425769,0.667350281274817,1.66698981348159,0.484647465579253,0.990488070858436,-0.452195560669804,0.762929811159181,209.262289619115,1.8041595998789,2.88083858411211,1.36847403479118,1.04791998486226,0.789293010842148,0.403070411528926,-0.313018997186786,-0.0146088965892073,0.773845890631453,0.400332549052008,6.13540037062542,-0.00275339847837963,-0.00566962286992548,0.00133356224608415,0.796979260179455,-0.00689172705193125,6.70127698162775,0.711035215466634,706.522070231051,715.947292287061,0.735555220920457,1.00480163740555,0.848830072383029,8.49185410504675,2.98872213058336,5.36134154584072,3.98202096984296,2.90378639161589,0.347075703048606,1.92325412478267,0.633140972032214,0.669832264567434,1.02965096100146,0.65871440914141,0.613839424712965,0.342673730577076,0.442819086753122,0.446180561573511,1.11452481850419,8.40615363944679,39.1161637855594,1.34406157058625,-0.062910278962369,0.998432997693929,-0.0675041857539129
"dryala-tm10_00061","dryala","Dryas alleghenies","Dwarf_Shrub_Broad",119,272,"12_Mile_dried_dryas",0.0226049233240176,0.0241797387332844,0.831944578025086,2.00195964346398,0.228531224602891,0.170927697169489,0.472568546506762,2.18758901854613,0.177589610024364,1.17781078787462,2.31870606388956,14.2732610222395,2.60348360529866,3.70050384064803,4.06396830738234,4.87645779551922,0.761001562737717,0.997016462514911,0.621446022968584,2.24773354210922,0.150473122446933,1.34623401725148,0.430134032405065,13.7518570086733,0.0751101530131581,-0.934956398463909,0.693036815700649,2.13969511470793,0.638535236898807,4.53304278635894,2.51834857754434,0.976071019944695,0.997338453113773,0.999706769194055,2.24761440659529,4.53393981835427,-5.4662115344046,4.02190984810231,3.23836380159516,0.61883337697781,0.603210897139406,0.390827087522058,0.492480530292082,0.828884395432947,1.90483554843698,0.517784326098013,0.988614551361863,-0.443771553262172,0.787790608741717,174.662818705342,2.01127539813014,3.14752175891842,1.57917267573357,1.13373321833359,0.801732663964084,0.435439089201017,-0.337399568672882,0.00422967320119738,0.793588910591582,0.435147483525857,6.06105265859468,0.0131862865148878,0.0305751225022553,-0.00614771463135665,0.804067963917866,-0.0144485871228065,7.07322079859291,0.743630868310114,710.111822513223,716.891182958351,0.763995337672997,1.00575828497692,0.905407870061766,9.08739028822026,3.23836380159516,5.73686711261284,4.02190984810231,2.88437284935335,0.34967724560095,2.0648667700001,0.61979981442849,0.683830054207438,0.991576283166948,0.710361174731723,0.662815730313956,0.357912444844253,0.451004846548885,0.481302258125138,1.10606696889364,9.17730978030907,42.3118696549715,1.39816418468448,-0.0750510848048788,1.07727652654402,-0.0812580246783886
"dryala-tm19_00114","dryala","Dryas alleghenies","Dwarf_Shrub_Broad",119,272,"12_Mile_dried_dryas",0.0217299125723461,0.0243377658771991,0.74444102929482,1.58141314522063,0.216056958377595,0.164295153286295,0.452150453085245,2.04533521313518,0.168129975511967,1.16269284194561,2.50724025417199,13.7196736975351,2.6778354773157,3.79244718877732,4.24014581656175,5.06198113326566,0.814061359281114,0.951287306225919,0.658332473540553,2.44115545556283,0.178708450599023,1.50980019370102,0.456424311099324,15.8644026559098,0.099181419485169,-0.955623810799153,0.665303834445881,2.03297480555727,0.684902699725451,5.34724574998697,2.66499776003889,0.9766934492179,0.997442696031458,0.99972199859601,2.11841396033119,4.83316765955734,-5.81169074152752,4.19436587982645,3.40834322495304,0.638336661152299,0.629761852025028,0.330633716765459,0.415401897198275,0.886719620350643,1.96144006532035,0.555911202641578,1.0186275011169,-0.445957857505878,0.790716693252931,-108.368132067114,2.14053629557107,3.50360381053659,1.73644542436054,1.1290660054795,0.80410182622403,0.454003708152255,-0.318694620294406,-0.0753123553040262,0.795936944427686,0.452075817165394,6.21254842556631,0.00741889093027209,0.0186009419816897,-0.00367391462610579,0.794373689978579,-0.0156730262795502,7.51064397888956,0.74813367880141,711.365112211921,718.063614685406,0.767746356569071,0.990856568717967,0.927320893100815,9.20938562851132,3.40834322495304,5.99180854687965,4.19436587982645,2.69917299646394,0.375000750572867,2.14928909360527,0.7470166153561,0.689548452556666,1.1628925307611,0.709656755576596,0.663002624364567,0.32795345357101,0.412034465628208,0.463026097067746,1.02422222000507,8.01360632714161,41.3716711529792,1.42818226880329,-0.0830843506216317,1.10435894980894,-0.0903792867030069
"dryala-tm1_00006","dryala","Dryas alleghenies","Dwarf_Shrub_Broad",119,272,"12_Mile_dried_dryas",0.019569336776519,0.021363847451997,0.673433833615671,1.74181918217002,0.196580337483479,0.145177743592335,0.455304647419106,2.36383493122659,0.137107981708539,1.20836724085371,2.68037449876791,10.6948273450156,4.23257608798363,5.33636088067595,7.15724960536097,7.81842101957181,0.742994815275669,0.986671550150787,0.612617683166155,2.26692403082602,0.109427478458207,1.45731001795609,0.360648873257467,18.1218666150632,0.0698099545194963,-0.752592950353133,0.637453405603866,2.54661238046671,0.662701758882833,4.92947058773799,1.60972601417622,0.984255771069509,0.998587433936046,0.999874092922815,2.66508230258384,6.18973661677438,-6.14006330506684,4.25575086846233,3.61169529826838,0.630200902244478,0.603643571988832,0.350318299110735,0.442881074350941,0.766209531635989,1.70946016516839,0.546174202957445,1.02291033781277,-0.490169536533077,0.773061146979681,-88.2968358801371,2.2132747785966,3.40697733146373,1.62193004735451,0.935909669505823,0.836418726565227,0.463948770009587,-0.41109829849684,-0.0928113031214426,0.790998575913726,0.448217248490558,6.99422152758105,0.0192341687909304,0.0515547755322073,-0.00857752683295681,0.821994966564224,-0.0191012279725662,8.61198370515734,0.686319408683428,710.566231699822,716.746422960958,0.721450488799261,0.988801394919051,0.738720833784666,11.2263383699448,3.61169529826838,7.02606648383434,4.25575086846233,3.26727023957514,0.309424290094881,2.15534604882109,0.71337373645513,0.632783247849508,1.20461300596179,0.578544866320667,0.547335009264061,0.288400897855017,0.364603561418387,0.37806779753233,0.843492299338173,7.72594202836819,35.5494318271274,1.41813243141126,-0.0712663025045438,1.09303533502231,-0.0776997218991123
"dryhyb-tm43_00259","dryhyb","Dryas sp.","Dwarf_Shrub_Broad",29,272,"12_Mile_dried_dryas",0.0240069138499935,0.0218299647765069,0.965699599303094,2.07249441733558,0.267787916760132,0.192256093080181,0.522934386673157,2.20502769956183,0.193577321211872,1.17885625129453,1.87045626374384,15.9169224315155,1.97068502118243,3.28128106190935,3.23858442698606,4.22751227011158,0.661511191284345,1.15238603091658,0.588297356562403,2.06826659541692,0.150219512076049,1.28429390160294,0.466446630754643,11.5305175077187,0.0263468200385839,-0.902453473942822,0.641708509237499,1.96977416115037,0.6164189576055,4.21402201609085,3.44221313897155,0.968191562987851,0.995899365270189,0.999477764360907,2.07643138998475,3.85529836125981,-4.83751750538881,3.74995527138506,2.79858535377888,0.599473712702744,0.561003662287653,0.446932912300744,0.577667493326137,0.66239896028576,1.71841370061384,0.466597663912053,0.987779702610576,-0.415337211357811,0.767674547235293,162.662138184209,1.68577394662625,2.74951488714561,1.30326985558734,1.14389125879203,0.774423081375838,0.382949261572891,-0.299381162857263,0.00872182858141137,0.773685411528628,0.385471181968081,5.32151079410144,0.0117002445882958,0.0218847957775129,-0.00555222249826743,0.776905597718642,-0.0159709613437758,6.21137364062931,0.734608484948153,705.80948254691,715.601450034957,0.750975904859237,1.00618574028051,0.908673863467931,7.86615533272817,2.79858535377888,4.86547451976539,3.74995527138506,2.86861416570414,0.351262851351437,1.86440570065111,0.614919486963979,0.72386140413648,0.98270716795397,0.71891999862694,0.663340027530047,0.393623367517841,0.508764107029148,0.490212879296983,1.27172380771535,9.31720423634821,42.2553589168331,1.33290504729584,-0.0639623915517709,0.964717460188942,-0.0683395269247283
"dryala-tm17_00099","dryala","Dryas alleghenies","Dwarf_Shrub_Broad",119,272,"12_Mile_dried_dryas",0.0244563171969513,0.0246950256819427,0.891669553347041,1.91102373833543,0.229921830002709,0.169483968327141,0.488629599114463,2.26459136231659,0.182677555488042,1.18460563654421,2.25692046876768,14.6636980853426,2.75339790402751,3.85041318877538,4.11519720231092,4.93930781160682,0.680746024032607,1.0669275653969,0.597608393517696,2.14820994356345,0.120631417272557,1.23301640280024,0.413439884412836,12.78454962625,0.0563801187411835,-0.921934140517382,0.667120091097608,2.21468603711806,0.63704271919852,4.51029034486817,2.51256710541647,0.97686228527636,0.997470722435729,0.999726058015134,2.33043919191449,4.37711095549219,-5.41804146495907,3.9893004369592,3.1898443479444,0.61342556861323,0.582158253527369,0.434747121601764,0.544521192888879,0.808343801595552,1.89417497300242,0.506379146044138,0.997692960607094,-0.448381983100436,0.793430815782771,865.911941837591,1.94505660242228,3.05169267864609,1.46374616442234,1.15624156671526,0.804750798796334,0.425457952879293,-0.351640329677757,-0.0251464388101207,0.798402573268591,0.426752445321491,6.20974121202273,0.0129406683461109,0.0292060592698717,-0.00570276802049164,0.80467137262879,-0.0141078165698154,7.16942682759001,0.750357997869299,708.40605298988,716.191850801181,0.770064568378276,1.00115618706556,0.913966663863814,9.24331975583235,3.1898443479444,5.79818445102315,3.9893004369592,3.02414412815954,0.334288546298558,2.00439156724008,0.639264263079096,0.665343078215589,1.05159018710344,0.720425633608943,0.67296104561923,0.375672581203266,0.470530273550215,0.492172086035087,1.15329646363084,9.68176746156411,43.4778676965872,1.36890395226522,-0.0657684084707479,1.04351466579924,-0.0709657180030285
"dryoct-tm33_00197","dryoct","Dryas octopetala","Dwarf_Shrub_Broad",124,272,"12_Mile_dried_dryas",0.023217916134084,0.022679200396361,0.94756744115212,2.24506454994135,0.269208809692312,0.192129921871152,0.514945384860635,2.17509630665313,0.185826842662394,1.17084195680404,1.88589241159515,16.0788102468873,2.54176717161956,4.0823551404218,3.82525373533742,4.99840183606979,0.707838782452153,1.0723056523202,0.598830401941208,2.10228414108054,0.155808750215719,1.38367883135997,0.499676013864945,12.2045630637122,0.0352524188885198,-0.926749718084215,0.683322059757839,1.83620328346033,0.621274740602181,4.2808730085235,3.04010509971763,0.966923557262412,0.995648079726548,0.999434581741487,1.94314065910328,3.84076590705721,-4.81800900987277,3.94262586686614,2.81392069041788,0.615359073240472,0.57175282138589,0.426837852905299,0.553171541514494,0.682209771786806,1.74383144411863,0.463520291073427,0.955923681154382,-0.437539084361572,0.765991680022912,44.3758401876805,1.7170082727623,2.7280067945193,1.36259068431653,1.1346845609084,0.770416297183199,0.38838084950805,-0.267907712015192,0.0635455899519187,0.77161932758993,0.391213138223694,5.98203593337473,-0.00999637538200613,-0.0188520884763819,0.00485428632844638,0.799965568692284,0.00381519766935126,6.09818254727672,0.735543022260742,707.579965297261,715.763188454737,0.750772667139959,1.02305430847387,0.933243318833381,7.71141973694849,2.81392069041788,4.78768947966219,3.94262586686614,2.7996844615765,0.35993088774792,1.89352283295146,0.546792655449875,0.679196221238056,0.880502367642197,0.723989160735879,0.667488271510292,0.376891001263772,0.488441628906511,0.484916458161249,1.23951986981576,9.11849702246075,42.0920281321731,1.34568185499437,-0.0649194656675491,1.01351748743343,-0.0695697860274975
"dryoct-tm26_00151","dryoct","Dryas octopetala","Dwarf_Shrub_Broad",124,272,"12_Mile_dried_dryas",0.0265180274636861,0.0256052777386365,0.930744846849979,2.10263652941767,0.227006829660117,0.160134252192107,0.489032676197573,2.22646300033229,0.182908892349202,1.191574953639,2.27712916242536,15.4111084449948,2.69121570765088,4.02542393482703,3.77531473372624,4.844961007611,0.663372837139798,1.11270831004595,0.597934401291029,2.15118151612699,0.132610355595385,1.23704447720498,0.442262475980016,12.7862363220239,0.0618439875172108,-0.979500868305644,0.632335738306286,2.08794046771426,0.666583306296781,4.99849988849161,2.67705329687816,0.977131028014694,0.997515111766163,0.999732456578405,2.18607397368573,4.13299452691871,-5.48160288297049,4.23511812941471,3.20158604628576,0.633245688887196,0.582403312728328,0.446834141183495,0.554094669988381,0.851179729022755,1.98134808232354,0.498755642329027,0.981033500082622,-0.445391723109154,0.804024575003794,104.449081734239,1.94100677272727,2.99006985194403,1.45506340681493,1.21573750747314,0.805789494976808,0.424836676525552,-0.327471393051921,0.0208601050369966,0.806422016643589,0.429596261563779,6.51581259852898,0.0136915669849651,0.0311774664607642,-0.0059001112789269,0.812007907389292,-0.0100914499675133,7.4750185332024,0.775371712057621,707.405316997662,716.494640602822,0.788700742213992,1.00966659136298,0.989514408543912,9.29810411007975,3.20158604628576,5.88747088945236,4.23511812941471,2.99283655815885,0.33770816267582,1.99771596798021,0.59636435841582,0.670130219445129,0.959132294554227,0.7637889903882,0.719013915344028,0.377301727832645,0.467871313091144,0.506296494863202,1.17854027178967,9.34872164802829,45.7103201916167,1.36626699197891,-0.0684140305297141,1.00760759985417,-0.0736978287661125
"dryoct-tm38_00230","dryoct","Dryas octopetala","Dwarf_Shrub_Broad",124,272,"12_Mile_dried_dryas",0.0241187519354926,0.0226780457748142,0.891275739581857,1.86676337920218,0.258642980447792,0.196351886351304,0.516199175413087,2.06610120788856,0.195020119231176,1.17994604367461,1.96199690487433,15.8210407350051,2.38608316379347,3.49698536541116,3.69016544805447,4.51854046605155,0.65087625332688,1.13093376950017,0.586564533023328,2.05208673351091,0.139472853917859,1.33479894743724,0.47211206323761,11.383799159337,0.0367922880468451,-0.909640959506669,0.641772105998257,1.98238073528438,0.642855462936354,4.59997365896592,3.57258436192072,0.966933483511204,0.995650067194494,0.999434926660804,2.07395820702654,4.01677387581617,-4.94143261814612,3.69219665083393,2.89228859769701,0.591049947759233,0.567359432178436,0.393363660567816,0.514465301023943,0.692507794037621,1.75274909341212,0.481338278364436,0.988370874984745,-0.428186722855227,0.757172835878869,170.981984661476,1.74591444963917,2.8560778954212,1.35626355590833,1.11988211612251,0.770447307334618,0.393327933817617,-0.307111435143106,-0.00116832465356959,0.764606786473065,0.395098075726,5.55662498591613,-0.00719626433931042,-0.0141190483603846,0.00369373115646531,0.772780214502806,-0.0126299231617643,6.03105654557811,0.7223963285899,706.569259868137,715.896014936389,0.739899613875338,1.00588297637536,0.892768853070283,7.71259655801725,2.89228859769701,5.01467287288047,3.69219665083393,2.69690901525815,0.371738129892653,1.89164535634629,0.64631611859481,0.682438166144419,1.00233938246535,0.702175178675923,0.652706473069264,0.382657089735992,0.500462586136714,0.496101563113741,1.25564155735799,9.34779842406608,41.7728017270624,1.33684691522199,-0.0608481748560697,0.98969181223281,-0.0651879790643088
"dryoct-tm22_00126","dryoct","Dryas octopetala","Dwarf_Shrub_Broad",124,272,"12_Mile_dried_dryas",0.0225026048294641,0.0199387058358301,0.841996314966935,1.9761060549835,0.253734628042933,0.173109172593603,0.524721585329835,2.24069400145229,0.153896342685414,1.19894735089133,1.95656860480305,13.5660181393036,3.04741878477845,5.0263605835781,5.2424711734492,6.55290558521584,0.598371536945617,1.20248067940254,0.575521227008357,2.03983124086861,0.12375906348764,1.51056995902864,0.481367420037116,14.3386032061703,0.0181169431814748,-0.776104709601284,0.59807190268589,1.92338960714295,0.680149656619631,5.25292434850252,2.33456008549957,0.97249025923922,0.996711311617184,0.999611054465037,2.02202480820973,4.51893841427429,-5.04925912960448,4.15735979486989,2.89122794864659,0.629799319672978,0.551451560050513,0.399414407293891,0.520169071719,0.592770954757022,1.54308378141123,0.46704172241027,0.991066600862982,-0.45596662308678,0.753624658550569,222.878947903765,1.71864405462042,2.75263896649635,1.26952951660708,0.993449617694243,0.788754896596558,0.388662828547368,-0.291000096652631,-0.0111594294708793,0.767854970642427,0.384146967195069,6.28124613116546,-0.0062026585912289,-0.0121359270659104,0.00298351655671441,0.794563624617194,-0.00676647447701092,6.86283974730739,0.696040604166847,704.721526775325,715.446105277899,0.723190831730209,1.00450696205948,0.821514491994799,8.46767507401266,2.89122794864659,5.26678576321067,4.15735979486989,2.98685988186599,0.337549202471904,1.86365467251726,0.626426753956189,0.680741401032687,1.02257073547237,0.629172633868096,0.587210171617041,0.320829415666464,0.417825537286086,0.412171764725595,1.07295332235773,7.32031588678949,37.1351871556961,1.32044742412748,-0.058085338499041,0.958471449486385,-0.0620731698656465
"dryoct-tm26_00152","dryoct","Dryas octopetala","Dwarf_Shrub_Broad",124,272,"12_Mile_dried_dryas",0.0265337616886951,0.0272930778270812,0.918554699147543,1.95218245599724,0.214578852650725,0.155076082735511,0.468953301628011,2.22140678964978,0.187517141650448,1.19303745497545,2.45265738251575,15.3762427379895,2.85621302037304,3.97284598580511,3.77270640116314,4.69743681375953,0.719757556834818,1.04245625685632,0.615317121983738,2.24318405959355,0.143198043338135,1.19483070260341,0.422012518036179,13.0389067516876,0.0861922022571632,-1.03573606987276,0.640513723474409,2.19173426428889,0.666488904672764,4.99680198956389,2.65495075039118,0.979530518039361,0.997899171782399,0.999786167920015,2.29193949022324,4.21621282774938,-5.74016236905175,4.2616506355995,3.36931289109742,0.635490914209225,0.60064187278493,0.4441952932136,0.542780504263476,0.957412447883682,2.12890300131948,0.52105980844943,0.991078803806588,-0.448980584381309,0.817210899581153,223.185182865617,2.06794326274187,3.17588675012844,1.56973374133799,1.26677478087527,0.815394999849335,0.443723077340248,-0.3493316106276,-0.00984590301630347,0.81837002199692,0.449721028760017,6.74943917621921,0.0101282936684853,0.024841234238298,-0.00425158231072536,0.816117590031723,-0.0116245414567701,7.83263210466697,0.794507500931357,709.068329155837,717.029427596419,0.80493848733897,1.00450075017201,1.02794442188134,9.83394273377052,3.36931289109742,6.24112614807546,4.2616506355995,2.99838703958994,0.336915726017331,2.08093378678607,0.627362793231583,0.651215959562355,1.01988761758659,0.792613017404406,0.747594249229562,0.384887263677075,0.470309582868034,0.521256150720315,1.15906554816335,9.81574364678178,47.5383961910332,1.3964099810926,-0.0747675676250148,1.04847868748613,-0.0809701266174301
"dryala-tm18_00103","dryala","Dryas alleghenies","Dwarf_Shrub_Broad",119,272,"12_Mile_dried_dryas",0.0281345007196421,0.023249472860417,1.27771760310323,2.52654856143565,0.290962565969799,0.210874935417343,0.559708304814986,2.44175898802876,0.249308306701729,1.18811465389016,1.63769475812066,18.7040442324486,1.79612030260851,2.63920829707887,2.43883446625513,3.14683111602297,0.586834365479705,1.26335058341829,0.532880380840535,1.87166048734985,0.106152963610628,0.909360766850832,0.396965065926797,8.03394302335715,-0.0204669043112603,-0.94823272265712,0.631387649452663,2.26774690356073,0.5331082552006,3.28364823811417,4.00009137126006,0.967243546590217,0.99571198808925,0.99944564611972,2.42115804448342,3.1680098033916,-4.47851089095271,3.27852417718952,2.58941498248411,0.547237106102291,0.514780634533782,0.646406300397577,0.822583055801738,0.651505515781616,1.8059048622354,0.417852191606847,0.961372726873681,-0.393287379003342,0.784244823640302,50.7768881447982,1.51805730761851,2.43555360196306,1.10745772921399,1.3181119202941,0.771418747094935,0.352162879941265,-0.355908640786627,0.0702505332151013,0.785824964225104,0.360764029936308,4.93933834629027,0.0169128347324862,0.0276980607863536,-0.00688738285087524,0.784416839302242,-0.0194034330582834,5.75321918482231,0.771828906107289,703.315256805444,713.451738947879,0.778076511927511,1.02008964475825,0.964205378766684,7.74962392839209,2.58941498248411,4.56988499667646,3.27852417718952,3.18156749297165,0.316919750302002,1.75394257140328,0.511531331546531,0.690708998433692,0.86872133012807,0.807302589997759,0.734253583160361,0.522672175681604,0.665125440748764,0.565879648188389,1.56855895053699,13.8325794118865,49.0927450271499,1.29147419164736,-0.0539679256596728,0.912899236766763,-0.0572570273425896
"dryoct-tm32_00194","dryoct","Dryas octopetala","Dwarf_Shrub_Broad",124,272,"12_Mile_dried_dryas",0.0224513823856308,0.0210498642776402,0.83755026351872,1.95828919351233,0.258969921530274,0.18776100825223,0.511477941724329,2.06636499724224,0.175316334986932,1.17463863543543,1.96949835588309,14.8295918268122,2.24323014847072,3.71003085220259,3.88398140670968,4.92885615869094,0.663455194789053,1.13122631182091,0.61114599299951,2.15915688947808,0.165470632226291,1.50046246217617,0.500328084082393,13.3551142580264,0.039028198455867,-0.869476966408311,0.642718632557465,1.86346260394661,0.653824895849312,4.77742297473076,3.14764034733464,0.967766095973987,0.995815634882973,0.999463472058298,1.94684576272154,4.23717434271511,-5.01165526336652,3.88675286166303,2.88725833612677,0.614855238027894,0.578040280222307,0.365537519008054,0.478539805671366,0.653581216232921,1.6636097227349,0.482769291824243,0.986694638858677,-0.428969400430734,0.754531066124752,149.315348734772,1.75054557261972,2.86674644097193,1.38120273189521,1.06850855196033,0.77306829248325,0.3941135168992,-0.27773886309098,0.00992887164293701,0.76386021533825,0.392869317425281,5.54060206983303,0.00517715798162928,0.0101964041329659,-0.00270037375534875,0.778121958137293,-0.0100993255818628,6.30565005385325,0.71349825783431,706.338035830911,716.537957808156,0.733888787257061,1.00674239051137,0.875150216797893,7.813224127582,2.88725833612677,4.9745122565743,3.88675286166303,2.68704303621621,0.374241401999263,1.90097167554134,0.638753098642444,0.717733455541668,0.980337483318434,0.676292880655409,0.626776562831267,0.346679285933534,0.453851737493644,0.457103841952607,1.16350099556844,8.00763766736619,39.1142047999514,1.34081096061683,-0.0656669193997213,0.987405969401407,-0.0703085327690648
"dryoct-tm29_00171","dryoct","Dryas octopetala","Dwarf_Shrub_Broad",124,272,"12_Mile_dried_dryas",0.0226466757090295,0.0250798721897299,0.724876277514782,1.7971752447965,0.185851061015706,0.130844333446442,0.432397674679419,2.24083767336295,0.136805172933643,1.20442750257605,2.90076017450948,12.3250316866356,4.29008985211921,6.17610573695596,6.26419628532459,7.64085968501372,0.789451079429972,0.969487148364549,0.650468931280264,2.47650125126537,0.182899193482022,1.5371966506359,0.436430123720182,19.9309128246193,0.108590825384862,-0.94075889292669,0.633782955548253,2.12928826870604,0.734324876770868,6.52799123866444,1.90069679746173,0.985248842755071,0.998719827091784,0.999889584943073,2.22731734247496,5.42364922910634,-6.52947901169099,5.09857289696681,3.78305579409226,0.689840102643817,0.632730352920953,0.356120830169644,0.432048125992908,0.972125316875875,2.03893275357459,0.558230024646827,1.00313150503299,-0.485737899864128,0.821680593304739,-639.670536668632,2.3427790181811,3.52724293542381,1.77468928323678,1.10777482077351,0.841282102352551,0.480826353327779,-0.33921566662353,-0.0524947474359748,0.824261948483698,0.476781451066289,8.30508138221385,-0.00839545689074199,-0.0243532069954756,0.00355394630165304,0.841326529148337,-0.00577624597449302,9.31367112127016,0.764253386548795,711.081193323245,718.308903080666,0.788162561978668,0.998439135339047,0.948195516877221,11.6009733599325,3.78305579409226,7.29500232382203,5.09857289696681,3.09097934203976,0.326908279027685,2.24290121798043,0.672955434654521,0.630156855496445,1.11080624048029,0.706645426798516,0.671973854525651,0.285954922682759,0.346922387001848,0.39932417197709,0.837541332793104,7.02533372322919,41.357850246828,1.44795931406785,-0.0859352647851357,1.09319439848511,-0.0939331607892878
